<?xml version="1.0" encoding="UTF-8"?>
<!DOCTYPE log4j:configuration SYSTEM "log4j.dtd">
<log4j:configuration xmlns:log4j="http://jakarta.apache.org/log4j/" debug="false">
    <appender name="console" class="org.apache.log4j.ConsoleAppender">
        <param name="Target" value="System.out"/>
		<param name="Threshold" value="INFO" /> 
        <layout class="org.apache.log4j.PatternLayout">
            <param name="ConversionPattern" value="%m%n"/>
        </layout>
    </appender>
    <appender name="file" class="org.apache.log4j.DailyRollingFileAppender">
        <param name="File" value="${harvester.logs}/harvester.log"/>
        <param name="Threshold" value="INFO" /> 
        <layout class="org.apache.log4j.PatternLayout">
            <param name="ConversionPattern" value="%d{ABSOLUTE} %-5p %m%n"/>
        </layout>
    </appender>
	<logger name="OAI-PMH_PROGRESS" additivity="false">
		<level value="INFO" />
		<appender-ref ref="file" /> 
		<appender-ref ref="console" /> 
	</logger>    
	<logger name="eu" additivity="false">
		<level value="INFO" />
		<appender-ref ref="file" /> 
		<appender-ref ref="console" /> 
	</logger>	    
	<root>
		<priority value="ERROR" />
		<appender-ref ref="file" />
	</root>
</log4j:configuration>
